WCAG番号,適合レベル,原則,達成基準,チェックする時,担当,チェック内容,確認手段,要件の概要,テスト手順詳細,結果,メモ
1.1.1,A,知覚可能,非テキストコンテンツ,デザイン時,デザイナー,画像のalt指示を仕様メモに記入（読み上げテキスト or 読み上げなし）,必要有無確認,画像には代替テキストをつける,,,
1.1.1,A,知覚可能,非テキストコンテンツ,開発時,エンジニア,alt属性を指示通り実装（指示なしはデザイナーに確認）,,画像には代替テキストをつける,,,
1.1.1,A,知覚可能,非テキストコンテンツ,デザイン・PdMレビュー / QAテスト時,デザイナー・PdM / QA,画像が指示通りに読み上げられる / 全画像に適切なalt属性が設定されている,スクリーンリーダーで確認 / axe DevTools / Accessibility Visualizer,画像には代替テキストをつける,"1. axe DevToolsで空のaltがないか確認
2. Accessibility Visualizerで不適切なaltを確認",,
1.2.1,A,知覚可能,音声だけ及び映像だけ（収録済）,デザイン時,デザイナー,音声/映像コンテンツがある場合、書き起こし・音声解説のデザインを用意,必要有無確認,収録済み音声/映像には書き起こしまたは音声解説を提供,,,
1.2.1,A,知覚可能,音声だけ及び映像だけ（収録済）,開発時,エンジニア,書き起こし・音声解説を指示通り実装,,収録済み音声/映像には書き起こしまたは音声解説を提供,,,
1.2.1,A,知覚可能,音声だけ及び映像だけ（収録済）,デザイン・PdMレビュー時,デザイナー・PdM,音声/映像コンテンツに書き起こし・音声解説が確認できる,手動確認,収録済み音声/映像には書き起こしまたは音声解説を提供,,,
1.2.2,A,知覚可能,キャプション（収録済）,デザイン時,デザイナー,収録済みメディアに字幕デザインを用意,必要有無確認,収録済みメディアは字幕によって内容を理解できる,,,
1.2.2,A,知覚可能,キャプション（収録済）,開発時,エンジニア,字幕を指示通り実装,,収録済みメディアは字幕によって内容を理解できる,,,
1.2.2,A,知覚可能,キャプション（収録済）,デザイン・PdMレビュー時,デザイナー・PdM,収録済みメディアに字幕が表示されている,手動確認,収録済みメディアは字幕によって内容を理解できる,,,
1.2.3,A,知覚可能,音声解説又はメディアに対する代替（収録済）,デザイン時,デザイナー,映像コンテンツに音声解説または書き起こしのデザインを用意,必要有無確認,収録済み映像は音声解説で視覚情報を理解できる,,,
1.2.3,A,知覚可能,音声解説又はメディアに対する代替（収録済）,開発時,エンジニア,音声解説または書き起こしを指示通り実装,,収録済み映像は音声解説で視覚情報を理解できる,,,
1.2.4,AA,知覚可能,キャプション（ライブ）,デザイン時,デザイナー,ライブコンテンツに字幕デザインを用意,必要有無確認,ライブ配信は字幕によって内容を理解できる,,,
1.2.4,AA,知覚可能,キャプション（ライブ）,開発時,エンジニア,ライブ字幕を指示通り実装,,ライブ配信は字幕によって内容を理解できる,,,
1.2.4,AA,知覚可能,キャプション（ライブ）,デザイン・PdMレビュー時,デザイナー・PdM,ライブコンテンツに字幕が表示されている,手動確認,ライブ配信は字幕によって内容を理解できる,,,
1.2.5,AA,知覚可能,音声解説（収録済）,デザイン時,デザイナー,映像コンテンツに音声解説のデザインを用意（書き起こし不可）,必要有無確認,収録済み映像は音声解説で視覚情報を理解できる（書き起こし不可）,,,
1.2.5,AA,知覚可能,音声解説（収録済）,開発時,エンジニア,音声解説を指示通り実装,,収録済み映像は音声解説で視覚情報を理解できる（書き起こし不可）,,,
1.3.1,A,知覚可能,情報及び関係性,開発時,エンジニア,色・形・配置に依存する情報（必須マーク等）が適切に読み上げられるよう実装,,表や見出しの構造はコード上でも正しく伝わるようにする,,,
1.3.1,A,知覚可能,情報及び関係性,デザイン・PdMレビュー / QAテスト時,デザイナー・PdM / QA,見出し・リスト・Tableの構造がスクリーンリーダーで理解できる / 情報の構造・関係性がプログラム的に解釈できる,スクリーンリーダーで確認 / axe DevTools / VoiceOver,表や見出しの構造はコード上でも正しく伝わるようにする,"1. h1-h6・ul/ol・tableタグの使用を開発者ツールで確認
2. VoiceOverでリスト・表・見出しが正しく読み上げられるか確認",,
1.3.2,A,知覚可能,意味のある順序,開発時,エンジニア,スクリーンリーダーで正しい順序で読み上げられるよう実装（tabindex等）,,コンテンツは支援技術で読んでも正しい順番で意味が通じる,,,
1.3.2,A,知覚可能,意味のある順序,デザイン・PdMレビュー / QAテスト時,デザイナー・PdM / QA,スクリーンリーダーでコンテンツが正しい順序で読み上げられる / コンテンツの読み上げ順序が意味的に正しい,スクリーンリーダーで確認 / VoiceOver,コンテンツは支援技術で読んでも正しい順番で意味が通じる,VoiceOverで読み上げ順を確認し自然な順序で意味が通じるか確認する,,
1.3.3,A,知覚可能,感覚的な特徴,デザイン時,デザイナー,形・色・大きさ・位置だけに依存する表現を使わない,目視確認,形・色・大きさ・位置だけに依存する説明をしない,,,
1.3.3,A,知覚可能,感覚的な特徴,QAテスト時,QA,色・形・位置のみに依存した説明がない,モノクロ表示・目視,形・色・大きさ・位置だけに依存する説明をしない,モノクロ表示にして意味が不明になっている箇所がないか目視チェック,,
1.3.4,AA,知覚可能,表示の向き,デザイン時,デザイナー,モバイルで縦・横向きの画面デザインを準備,必要有無確認,デバイスを縦・横どちらの向きで操作しても利用できる,,,
1.3.4,AA,知覚可能,表示の向き,開発時,エンジニア,縦・横向きの画面を指示通り実装,,デバイスを縦・横どちらの向きで操作しても利用できる,,,
1.3.4,AA,知覚可能,表示の向き,デザイン・PdMレビュー時,デザイナー・PdM,モバイルで縦・横向きどちらも問題なく利用できる,手動確認,デバイスを縦・横どちらの向きで操作しても利用できる,,,
1.3.5,AA,知覚可能,入力目的の特定,開発時,エンジニア,個人情報入力欄にautocomplete属性を適切に指定,,個人情報入力欄はautocomplete属性が指定されており自動入力を利用できる,,,
1.3.5,AA,知覚可能,入力目的の特定,デザイン・PdMレビュー時,デザイナー・PdM,個人情報入力欄でChromeのオートフィルが利用できる,手動確認,個人情報入力欄はautocomplete属性が指定されており自動入力を利用できる,,,
1.4.1,A,知覚可能,色の使用,デザイン時,デザイナー,色の違いだけで情報を伝えていない,目視確認,色だけで情報を伝えない,,,
1.4.1,A,知覚可能,色の使用,QAテスト時,QA,色だけで情報を伝えている箇所がない,モノクロ表示・目視,色だけで情報を伝えない,macのカラーフィルタをONにして白黒表示で内容が正しく伝わるか確認する,,
1.4.2,A,知覚可能,音声の制御,デザイン時,デザイナー,3秒以上自動再生される音声がある場合、停止・音量調整機能をデザイン,必要有無確認,3秒以上自動再生される音声は停止や音量調整ができる,,,
1.4.2,A,知覚可能,音声の制御,開発時,エンジニア,停止・音量調整機能を指示通り実装,,3秒以上自動再生される音声は停止や音量調整ができる,,,
1.4.2,A,知覚可能,音声の制御,デザイン・PdMレビュー時,デザイナー・PdM,自動再生音声に停止・音量調整手段がある,手動確認,3秒以上自動再生される音声は停止や音量調整ができる,,,
1.4.3,AA,知覚可能,コントラスト（最低限）,デザインシステム構築時（初回のみ）,デザイナー,Tokenカラーのコントラスト比を担保する（Figmaプラグインで確認）,Figmaプラグイン（a11y-color-contrast-checker）,テキスト4.5:1・大テキスト3:1・非テキスト3:1以上,,,
1.4.3,AA,知覚可能,コントラスト（最低限）,デザイン時,デザイナー,Token外カラー使用時はFigmaプラグインでコントラスト比を確認,Figmaプラグイン（a11y-color-contrast-checker）,テキスト4.5:1・大テキスト3:1・非テキスト3:1以上,,,
1.4.3,AA,知覚可能,コントラスト（最低限）,QAテスト時,QA,テキストと背景のコントラスト比が基準を満たしている,コントラストチェッカー（webaim.org/resources/contrastchecker）,テキスト4.5:1・大テキスト3:1・非テキスト3:1以上,"1. 本文・リンク・ボタンラベル等のコントラスト比を測定
2. 200%ズームで文字が読めるか目視確認",,
1.4.4,AA,知覚可能,テキストのサイズ変更,デザインシステム構築時（初回のみ）,デザイナー・エンジニア,フォントサイズはremで指定する,手動作業,テキストサイズ200%拡大でも見切れ・レイアウト崩れなし,,,
1.4.4,AA,知覚可能,テキストのサイズ変更,デザイン・PdMレビュー / QAテスト時,デザイナー・PdM / QA,Chromeのフォントサイズ極大でも問題なく読める / テキストを200%に拡大してもコンテンツ・機能が損なわれない,Chromeのフォントサイズを極大に設定して確認 / ブラウザ200%ズーム,テキストサイズ200%拡大でも見切れ・レイアウト崩れなし,"1. ブラウザの文字を200%に拡大する
2. 文字が重なったり見切れたりしないか目視確認",,
1.4.5,AA,知覚可能,文字画像,開発時,エンジニア,ロゴ・イラスト以外のテキストは実テキストで実装,,特別な場合を除き文字は画像でなくテキストで表示する,,,
1.4.5,AA,知覚可能,文字画像,QAテスト時,QA,テキストが実テキストで実装されている,目視確認,特別な場合を除き文字は画像でなくテキストで表示する,目視でテキストが画像で作られていないか確認する,,
1.4.10,AA,知覚可能,リフロー,デザイン時,デザイナー,320px〜のモバイルデザインを用意（横スクロール基本不可）,手動作業,320px幅で横スクロールなしにコンテンツを閲覧できる（地図・表は除く）,,,
1.4.10,AA,知覚可能,リフロー,開発時,エンジニア,画面幅320pxまでのレスポンシブを指示通り実装,,320px幅で横スクロールなしにコンテンツを閲覧できる（地図・表は除く）,,,
1.4.10,AA,知覚可能,リフロー,デザイン・PdMレビュー / QAテスト時,デザイナー・PdM / QA,320px〜で横スクロールなしにコンテンツを閲覧できる / 400%ズーム時に2次元スクロールが不要,手動確認 / ブラウザ400%ズーム,320px幅で横スクロールなしにコンテンツを閲覧できる（地図・表は除く）,画面を400%に拡大して左右スクロールなしで閲覧できるか確認する,,
1.4.11,AA,知覚可能,非テキストのコントラスト,デザイン時,デザイナー,非テキスト要素（アイコン・ボタン枠等）も3:1以上のコントラスト比を確認,Figmaプラグイン（a11y-color-contrast-checker）,UIコンポーネント・グラフィカルオブジェクトは隣接色との間で3:1以上,,,
1.4.11,AA,知覚可能,非テキストのコントラスト,QAテスト時,QA,UIコンポーネント・グラフィカルオブジェクトのコントラスト比が3:1以上,コントラストチェッカー・目視,UIコンポーネント・グラフィカルオブジェクトは隣接色との間で3:1以上,"1. ボタン枠・アイコン・グラフの境界線が背景と3:1以上か確認
2. フォーカス・選択状態のビジュアル変化が背景と区別できるか確認",,
1.4.12,AA,知覚可能,テキストの間隔,QAテスト時,QA,テキスト間隔を変更してもコンテンツ・機能が損なわれない,Text Spacing Editorブラウザ拡張またはカスタムCSS,行間1.5倍・段落間2倍・文字間0.12em・単語間0.16emでコンテンツが失われない,Text Spacing Editorで行間1.5倍・段落間2倍・文字間0.12em・単語間0.16emを適用しテキストが切れ・重なり・隠れなしで表示されるか確認,,
1.4.13,AA,知覚可能,ホバー又はフォーカスで表示されるコンテンツ,デザインシステム構築時（初回のみ）,デザイナー・エンジニア,ホバー時表示コンテンツを持つComponentは①escで非表示②ホバー移動で消えない③自動消えないを実装,手動作業,ホバー・フォーカスで表示される追加コンテンツは非表示にでき・ホバーでき・継続表示される,,,
1.4.13,AA,知覚可能,ホバー又はフォーカスで表示されるコンテンツ,デザイン時,デザイナー,カスタムのホバー表示コンテンツは①②③を満たすようデザイン,必要有無確認,ホバー・フォーカスで表示される追加コンテンツは非表示にでき・ホバーでき・継続表示される,,,
1.4.13,AA,知覚可能,ホバー又はフォーカスで表示されるコンテンツ,開発時,エンジニア,カスタムのホバー表示コンテンツは①②③を満たすよう実装,,ホバー・フォーカスで表示される追加コンテンツは非表示にでき・ホバーでき・継続表示される,,,
1.4.13,AA,知覚可能,ホバー又はフォーカスで表示されるコンテンツ,デザイン・PdMレビュー / QAテスト時,デザイナー・PdM / QA,ホバー表示コンテンツが①escで非表示②ホバー移動で消えない③自動消えないを満たす / ホバー・フォーカスで表示される追加コンテンツが3要件を満たす,手動確認 / キーボード操作・マウス操作,ホバー・フォーカスで表示される追加コンテンツは非表示にでき・ホバーでき・継続表示される,"1. ホバー表示コンテンツをescキーで非表示にできるか確認
2. 追加コンテンツにポインタを移動しても消えないか確認
3. 意図的に非表示にするまで継続表示されるか確認",,
2.1.1,A,操作可能,キーボード,デザインシステム構築時（初回のみ）,デザイナー・エンジニア,操作可能なComponentはフォーカス状態を準備,手動作業,すべての機能をキーボードだけで操作できる,,,
2.1.1,A,操作可能,キーボード,デザイン時,デザイナー,コンポーネント以外の操作可能なパーツにフォーカス状態を準備,必要有無確認,すべての機能をキーボードだけで操作できる,,,
2.1.1,A,操作可能,キーボード,開発時,エンジニア,コンポーネント以外の操作可能なパーツにフォーカス状態を実装しキーボード操作可能にした,,すべての機能をキーボードだけで操作できる,,,
2.1.1,A,操作可能,キーボード,デザイン・PdMレビュー / QAテスト時,デザイナー・PdM / QA,コンポーネント以外の操作可能なパーツをキーボードで操作でき、フォーカスが認識できる / すべての機能がキーボードのみで操作できる,キーボード操作で一通り確認 / キーボード操作（Tab/Enter/Space/矢印キー）,すべての機能をキーボードだけで操作できる,"1. マウスを使わずTab/Shift+Tab/Enter/Space/矢印キーで操作する
2. ナビゲーション・ボタン・リンク・フォーム・モーダル等を順に操作する
3. キーボードで到達できない要素・操作できない機能がないか確認する",,
2.1.2,A,操作可能,キーボードトラップなし,開発時,エンジニア,フォーカスが特定のエリアに閉じ込められないよう実装（モーダル・iframe等に注意）,,キーボード操作でフォーカスが特定エリアに閉じ込められない,,,
2.1.2,A,操作可能,キーボードトラップなし,デザイン・PdMレビュー / QAテスト時,デザイナー・PdM / QA,キーボード操作でフォーカスが特定エリアに閉じ込められない / フォーカスがキーボード操作で脱出できないエリアがない,キーボード操作で一通り確認 / キーボード操作（Tab/Shift+Tab/Esc）,キーボード操作でフォーカスが特定エリアに閉じ込められない,"1. モーダル・iframe・動画プレイヤー等にフォーカスを入れる
2. Tab/Shift+Tabでエリア外に抜け出せるか確認する
3. Escキー・Closeボタンで正常に戻れるか確認する",,
2.1.4,A,操作可能,文字キーのショートカット,デザイン時,デザイナー,文字キー単体ショートカットを搭載する場合、無効化・変更できる機能をデザイン,必要有無確認,文字キー単体ショートカットは無効化・変更などのカスタマイズができる,,,
2.1.4,A,操作可能,文字キーのショートカット,開発時,エンジニア,文字キー単体ショートカットを搭載する場合、無効化・変更機能を実装,,文字キー単体ショートカットは無効化・変更などのカスタマイズができる,,,
2.1.4,A,操作可能,文字キーのショートカット,デザイン・PdMレビュー / QAテスト時,デザイナー・PdM / QA,文字キー単体ショートカットがある場合、無効化・変更できる / 文字キー単体ショートカットが解除・再割当て・フォーカス時のみ有効のいずれかを満たす,必要有無確認・手動確認 / キーボード操作,文字キー単体ショートカットは無効化・変更などのカスタマイズができる,文字のみのショートカットがある場合: 解除できるか・再割り当てできるか・フォーカス時のみ有効かを確認する,,
2.2.1,A,操作可能,タイミング調整可能,デザイン時,デザイナー,20時間未満の制限時間がある場合、無効化または警告後20秒以上の猶予で10倍延長できるようデザイン,必要有無確認,20時間未満の制限時間は無効化できる。または警告後20秒猶予で10倍以上延長できる,,,
2.2.1,A,操作可能,タイミング調整可能,開発時,エンジニア,制限時間がある場合、無効化・延長機能を指示通り実装,,20時間未満の制限時間は無効化できる。または警告後20秒猶予で10倍以上延長できる,,,
2.2.1,A,操作可能,タイミング調整可能,デザイン・PdMレビュー時,デザイナー・PdM,制限時間がある場合、無効化できるまたは延長できる,必要有無確認・手動確認,20時間未満の制限時間は無効化できる。または警告後20秒猶予で10倍以上延長できる,,,
2.2.2,A,操作可能,一時停止、停止、非表示,デザイン時,デザイナー,3秒以上自動に動くコンテンツがある場合、一時停止・停止・非表示できるようデザイン,必要有無確認,3秒以上自動的に動くコンテンツを一時停止・停止・非表示できる,,,
2.2.2,A,操作可能,一時停止、停止、非表示,開発時,エンジニア,一時停止・停止・非表示機能を指示通り実装,,3秒以上自動的に動くコンテンツを一時停止・停止・非表示できる,,,
2.2.2,A,操作可能,一時停止、停止、非表示,デザイン・PdMレビュー時,デザイナー・PdM,3秒以上自動に動くコンテンツを一時停止・停止・非表示できる,必要有無確認・手動確認,3秒以上自動的に動くコンテンツを一時停止・停止・非表示できる,,,
2.3.1,A,操作可能,3回の閃光、又は閾値以下,デザイン時,デザイナー,画面1/4以上で1秒3回超の点滅を含まない。強い赤色の点滅も含まない,必ず手動で確認,画面1/4以上で1秒3回超の点滅なし・強い赤色の点滅なし,,,
2.4.1,A,操作可能,ブロックスキップ,デザインシステム構築時（初回のみ）,デザイナー・エンジニア,ナビゲーション・ヘッダーをTabキーでスキップできるよう実装,手動作業,繰り返されるブロック（ナビ等）をスキップできる,,,
2.4.1,A,操作可能,ブロックスキップ,QAテスト時,QA,繰り返し出るナビゲーションを飛ばして本文に進める手段がある,キーボード操作（Tab）,繰り返されるブロック（ナビ等）をスキップできる,"1. Tabキーでページ先頭にフォーカスを当てる
2. 「スキップ」等のリンクが最初に現れるか確認する
3. そのリンクでナビゲーションをスキップして本文に移動できるか確認する",,
2.4.2,A,操作可能,ページタイトル,デザイン時,デザイナー,HTMLのtitleをページ内容を表すように指定（例：ページ単体の内容｜サイト名）,必ず手動で確認,HTMLのtitleはページ内容を表している,,,
2.4.2,A,操作可能,ページタイトル,開発時,エンジニア,titleタグをデザイナーの指示通り実装,,HTMLのtitleはページ内容を表している,,,
2.4.2,A,操作可能,ページタイトル,デザイン・PdMレビュー / QAテスト時,デザイナー・PdM / QA,ブラウザのタブ名がページ内容を表している / ページタイトルが内容・目的を説明している,必ず手動で確認 / ブラウザのタブ確認,ページには内容を表すわかりやすいタイトルをつける,"1. ブラウザのタブに表示されるタイトルを確認する
2. タイトルがページの内容や目的を正しく表しているか確認する
3. 複数ページのタブを並べてタイトルだけで区別できるか確認する",,
2.4.3,A,操作可能,フォーカス順序,開発時,エンジニア,フォーカスが正しい順序で移動するよう実装（tabindex等）,,キーボードのフォーカス移動順序が意味や操作性を損なわない,,,
2.4.3,A,操作可能,フォーカス順序,デザイン・PdMレビュー / QAテスト時,デザイナー・PdM / QA,キーボード操作でフォーカスが正しい順序で移動する / キーボードのフォーカス移動順序が意味のある流れになっている,キーボード操作で一通り確認 / キーボード操作（Tab/Shift+Tab）,キーボードのフォーカス移動順序が意味や操作性を損なわない,"1. Tab/Shift+Tabでフォーカスを順番に移動する
2. フォーカスの移動が画面の見た目の流れに沿っているか確認する
3. モーダル等でフォーカスが適切に管理されているか確認する",,
2.4.4,A,操作可能,リンクの目的（コンテキスト内）,デザイン時,デザイナー,リンクテキストは単体で遷移先を理解できるようにする。冗長になる場合はARIAラベルを指定,目視確認,リンクの目的がリンクテキストまたはコンテキストから判断できる,,,
2.4.4,A,操作可能,リンクの目的（コンテキスト内）,開発時,エンジニア,ARIAラベルの指定があれば指示通りに実装,,リンクの目的がリンクテキストまたはコンテキストから判断できる,,,
2.4.4,A,操作可能,リンクの目的（コンテキスト内）,デザイン・PdMレビュー / QAテスト時,デザイナー・PdM / QA,スクリーンリーダーのリンク一覧で全リンクの遷移先が理解できる / リンクテキスト単体またはコンテキストからリンク先が判断できる,VoiceOver: Ctrl+Opt+Uでリンク一覧確認 / 目視 / VoiceOverリンク一覧,リンクの目的がリンクテキストまたはコンテキストから判断できる,"1. ページ内のリンクテキストを確認し遷移先の目的が分かるか確認する
2. 「詳細を見る」「こちら」など曖昧なリンクテキストがないか確認する
3. スクリーンリーダーのリンク一覧で判別できるか確認する",,
2.4.5,AA,操作可能,複数の手段,デザイン時,デザイナー,最終目的地に複数の手段でたどり着けるようにする（サブ動線例：サイト内検索・直URL等）,必ず手動で確認,目的のページに辿り着く手段が複数ある,,,
2.4.5,AA,操作可能,複数の手段,デザイン・PdMレビュー / QAテスト時,デザイナー・PdM / QA,最終目的地に複数の手段でたどり着けている / 主要ページへの複数のナビゲーション手段がある,必ず手動で確認 / 目視確認,目的のページに辿り着く手段が複数ある,サイト内で主要ページに移動する手段が2つ以上あるか確認する（メニュー・検索・サイトマップ・パンくず等）,,
2.4.6,AA,操作可能,見出し及びラベル,デザイン時,デザイナー,見出しやラベルは単体で内容を明確に伝える（NG例：その他・重要）,目視確認,見出しやラベルは内容を明確に伝えている,,,
2.4.6,AA,操作可能,見出し及びラベル,QAテスト時,QA,見出しとラベルがコンテンツを説明している,目視 / VoiceOver,見出しやラベルは内容を明確に伝えている,"1. ページ内の見出しを確認し内容のまとまりをわかりやすく示しているか確認する
2. フォームのラベルが入力の目的を分かりやすく示しているか確認する",,
2.4.7,AA,操作可能,フォーカスの可視化,デザイン時,デザイナー,コンポーネント以外の操作可能なパーツのフォーカス状態を準備,必要有無確認,キーボード操作でフォーカスインジケータが見える,,,
2.4.7,AA,操作可能,フォーカスの可視化,開発時,エンジニア,フォーカス状態を指示通り実装,,キーボード操作でフォーカスインジケータが見える,,,
2.4.7,AA,操作可能,フォーカスの可視化,QAテスト時,QA,キーボード操作可能なすべてのUIにフォーカスインジケータがある,キーボード操作（Tab）,キーボード操作でフォーカスインジケータが見える,"1. Tabキーでページ上を移動する
2. ボタン・リンク・入力欄等にフォーカスを移動したとき見た目が変化するか確認する
3. 変化が小さすぎて見分けにくくないか目視確認する",,
2.4.11,AA,操作可能,フォーカスの不明瞭さ（最低限）（WCAG2.2）,開発時,エンジニア,ドロワー・ポップアップ等の覆うUIでは隠れているパーツにフォーカスが当たらないよう実装。画面外フォーカスはスクロールさせる,,フォーカスが他の要素によって隠されない,,,
2.4.11,AA,操作可能,フォーカスの不明瞭さ（最低限）（WCAG2.2）,デザイン・PdMレビュー / QAテスト時,デザイナー・PdM / QA,ドロワー・ポップアップがある場合、隠れているパーツにフォーカスが当たらない / フォーカスがドロワーやポップアップなどに隠れない,キーボード操作で一通り確認 / キーボード操作（Tab）,フォーカスが他の要素によって隠されない,"1. ドロワー・ポップアップがある場合Tabを押してフォーカスが隠れないか確認する
2. 画面外にフォーカスが移動する場合、画面が自動スクロールして対象が見えるか確認する",,
2.5.1,A,操作可能,ポインタのジェスチャー,デザイン時,デザイナー,Mobileで複数の指の同時操作や軌跡ジェスチャを利用する場合、一本指タップのみでも操作できるようにする,必要有無確認,複数指操作・軌跡ジェスチャなしに1本指タップのみで操作できる,,,
2.5.1,A,操作可能,ポインタのジェスチャー,QAテスト時,QA,マルチポイント・軌跡ベースのジェスチャを使う機能に代替手段がある,タッチ操作テスト,複数指操作・軌跡ジェスチャなしに1本指タップのみで操作できる,スワイプ・ピンチ・長押し・ドラッグ等が必要な箇所を探し、単一タップで代替できるか確認する,,
2.5.2,A,操作可能,ポインタのキャンセル,開発時,エンジニア,ユーザーの操作はマウスアップ（離したとき）で実行されるよう実装,,誤操作を防ぐため実行はアップイベントで行われる,,,
2.5.2,A,操作可能,ポインタのキャンセル,QAテスト時,QA,タップ・クリックの操作が押した瞬間でなく離したときに実行される,マウス・タッチ操作,誤操作を防ぐため実行はアップイベントで行われる,"1. ボタン等をクリック/タップし押した瞬間に即実行されないか確認する
2. ドラッグ等の操作は離す前に取り消せるか確認する",,
2.5.3,A,操作可能,ラベルを含む名前,開発時,エンジニア,スクリーンリーダーで読み上げられるテキストは画面上のテキストと揃える,,視覚的な文字と実装上のテキスト（アクセシブルネーム）が一致している,,,
2.5.3,A,操作可能,ラベルを含む名前,デザイン・PdMレビュー / QAテスト時,デザイナー・PdM / QA,スクリーンリーダーで読み上げられるテキストが画面上のテキストと揃っている / ボタン・リンク等の視覚的ラベルとアクセシブルネームが一致している,スクリーンリーダーで一通り確認 / VoiceOver,視覚的な文字と実装上のテキスト（アクセシブルネーム）が一致している,"1. ボタン・リンク・アイコン付き操作要素を確認する
2. 目に見えるラベルとVoiceOverが読み上げる名前が一致しているか確認する",,
2.5.4,A,操作可能,動きによる起動,デザイン時,デザイナー,「デバイスを振ると戻る」等の動きによる操作がある場合、マウス・キーボードでも同じ操作ができ無効化もできるようにする,必要有無確認,動きによる操作はマウス・キーボードでも代替でき無効化もできる,,,
2.5.7,AA,操作可能,ドラッグ動作,デザイン時,デザイナー,ドラッグ操作が必要な機能がある場合、クリック・タップで同じ操作ができるようにする（例：並び替えに矢印ボタンも用意）,目視確認,ドラッグ動作なしのシングルポインタ操作で同等の機能を使える,,,
2.5.7,AA,操作可能,ドラッグ動作,QAテスト時,QA,ドラッグ操作を必要とする機能に代替操作手段がある,マウス・タッチ操作テスト,ドラッグ動作なしのシングルポインタ操作で同等の機能を使える,ドラッグ操作が必要な箇所を探し、クリック/タップ/矢印キー等の代替手段が用意されているか確認する,,
2.5.8,AA,操作可能,ターゲットのサイズ（最低限）,デザインシステム構築時（初回のみ）,デザイナー・エンジニア,操作可能なComponentは操作領域をマージン含め24×24px以上にする,手動作業,操作領域はマージン含め24×24px以上,,,
2.5.8,AA,操作可能,ターゲットのサイズ（最低限）,デザイン時,デザイナー,コンポーネント以外の独自パーツは操作領域をマージン含め24×24px以上に指定（文中リンクは除く）,必要有無確認,操作領域はマージン含め24×24px以上,,,
2.5.8,AA,操作可能,ターゲットのサイズ（最低限）,QAテスト時,QA,ボタン・リンク等のクリック・タップ領域が24×24 CSSピクセル以上,CSSサイズ確認・目視,操作領域はマージン含め24×24px以上,"1. リンク・ボタン・アイコン等の操作ターゲットを確認する
2. CSSサイズを測り24×24 CSS px以上あるか確認する（スマホは44px目安）
3. ターゲット同士が近すぎて誤タップしやすくないか確認する",,
3.1.1,A,理解可能,ページの言語,開発時,エンジニア,ページの言語をHTMLのlang属性で指定,,ページの主な言語がlang属性で指定されている,,,
3.1.1,A,理解可能,ページの言語,QAテスト時,QA,HTMLのlang属性がページの主言語を正しく指定している,開発者ツールで確認,ページの主な言語がlang属性で指定されている,"1. htmlタグのlang属性を開発者ツールで確認する
2. 日本語ページならlang=""ja""が指定されているか確認する
3. スクリーンリーダーで言語設定が正しく反映されているか確認する",,
3.1.2,AA,理解可能,一部分の言語,開発時,エンジニア,引用文や言語選択など他言語の文章が含まれる場合、HTMLのlang属性で指定（固有名詞・文中単語は除く）,,他言語の文章部分にlang属性が指定されている,,,
3.1.2,AA,理解可能,一部分の言語,QAテスト時,QA,ページ内の他言語テキストにlang属性が指定されている,開発者ツールで確認 / VoiceOver,他言語の文章部分にlang属性が指定されている,"1. ページ内に主言語と異なる言語が使われている箇所を探す
2. その要素にlang属性が指定されているか開発者ツールで確認する
3. スクリーンリーダーで異なる言語部分が正しく発音されるか確認する",,
3.2.1,A,理解可能,フォーカス時,デザイン時,デザイナー,フォーカスを当てただけで大きな変化（ページ遷移・スクロール等）が起こる体験にしていない（ツールチップ等の小さな変化は許容）,必ず手動で確認,フォーカスするだけで予期しないコンテキスト変更が起きない,,,
3.2.1,A,理解可能,フォーカス時,開発時,エンジニア,フォーカスを当てただけで大きな変化が起こらないよう実装,,フォーカスするだけで予期しないコンテキスト変更が起きない,,,
3.2.1,A,理解可能,フォーカス時,QAテスト時,QA,フォーカスしても予期しないコンテキスト変更が発生しない,キーボード操作（Tab）,フォーカスするだけで予期しないコンテキスト変更が起きない,Tab/Shift+Tabでフォーカスを移動し、フォーカスしただけでページ遷移・送信・設定変更等が起きないか確認する,,
3.2.2,A,理解可能,入力時,デザイン時,デザイナー,入力しただけでユーザーが予想できない変化（ページ遷移・スクロール等）が起こらない,必ず手動で確認,入力しても予期しないコンテキスト変更が起きない,,,
3.2.2,A,理解可能,入力時,QAテスト時,QA,入力・選択しても予期しないコンテキスト変更が発生しない,手動操作,入力しても予期しないコンテキスト変更が起きない,フォーム・ドロップダウン等に入力し、入力した瞬間にページ遷移・送信・大きなレイアウト変更が自動で発生しないか確認する,,
3.2.3,AA,理解可能,一貫したナビゲーション,デザイン時,デザイナー,グローバルナビゲーションは常に同じ順序・表記で表示する,目視確認,繰り返し表示されるナビゲーションは常に同じ順序・表記で実装されている,,,
3.2.3,AA,理解可能,一貫したナビゲーション,QAテスト時,QA,複数ページで繰り返されるナビゲーションが常に同じ順序・配置で出現する,複数ページの目視確認,繰り返し表示されるナビゲーションは常に同じ順序・表記で実装されている,サイト内の複数ページを見比べて共通ナビゲーションの並び順・配置がページごとに変わっていないか確認する,,
3.2.4,AA,理解可能,一貫した識別性,デザイン時,デザイナー,テキストはライティングガイドラインを遵守し揺れがない。困難な場合は対応方針を決めることでも可,目視確認,同じ機能を持つコンポーネントは一貫して識別できる,,,
3.2.4,AA,理解可能,一貫した識別性,QAテスト時,QA,同じ機能を持つコンポーネントが一貫したラベル・名前で識別できる,目視 / VoiceOver,同じ機能を持つコンポーネントは一貫して識別できる,サイト内で同じ役割のボタン・リンク・アイコンが異なるラベルやアイコンで示されていないか確認する,,
3.2.6,A,理解可能,一貫したヘルプ,デザイン時,デザイナー,固定されたヘルプ導線は常に同じ場所に表示する,目視確認,ヘルプ等のメカニズムが複数ページで同じ順序・場所に出現する,,,
3.2.6,A,理解可能,一貫したヘルプ,QAテスト時,QA,ヘルプ・サポートへの導線が複数ページで同じ場所・順序に出現する,複数ページの目視確認,ヘルプ等のメカニズムが複数ページで同じ順序・場所に出現する,サイト内の複数ページを開いてヘルプ・サポートへの手段が常に同じ場所・方法で提供されているか確認する,,
3.3.1,A,理解可能,エラーの特定,デザイン時,デザイナー,入力エラーが発生した際、エラー箇所がテキストで明確に提示されどこを直せばよいか理解できるようにする,目視確認,入力エラー時にエラー箇所がテキストで特定・説明される,,,
3.3.1,A,理解可能,エラーの特定,QAテスト時,QA,入力エラーがテキストで特定・説明される,手動入力テスト,入力エラー時にエラー箇所がテキストで特定・説明される,"1. フォームに不正な値を入力する（必須欄を空・メールに文字列のみ等）
2. エラーとなっている箇所が明確に示されているか確認する
3. エラーメッセージがテキストで提示されているか確認する（色だけはNG）",,
3.3.2,A,理解可能,ラベル又は説明,デザインシステム構築時（初回のみ）,デザイナー,入力欄がある場合、入力内容・形式・必須などが明確に表示され入力中も消えないデザインにする,手動作業,入力欄に入力内容・形式・必須などが明確に表示され入力中も消えない,,,
3.3.2,A,理解可能,ラベル又は説明,デザイン時,デザイナー,入力欄のラベル・説明が明確で入力中も消えないようにデザインする,目視確認,入力欄に入力内容・形式・必須などが明確に表示され入力中も消えない,,,
3.3.2,A,理解可能,ラベル又は説明,開発時,エンジニア,入力欄が適切に読み上げられるよう実装（プレースホルダーのみに依存しない）,,入力欄に入力内容・形式・必須などが明確に表示され入力中も消えない,,,
3.3.2,A,理解可能,ラベル又は説明,デザイン・PdMレビュー / QAテスト時,デザイナー・PdM / QA,入力欄に明確なラベル・説明があり入力中も消えない。スクリーンリーダーでも適切に読み上げられる / 入力欄に目的を示すラベル・説明が提供されている,スクリーンリーダーで確認 / 目視 / 目視 / VoiceOver,入力欄に入力内容・形式・必須などが明確に表示され入力中も消えない,"1. フォーム入力欄のラベルが表示されているかチェックする
2. 入力条件がある場合（8文字以上等）、事前に説明されているか確認する
3. プレースホルダーだけに依存していないか確認する",,
3.3.3,AA,理解可能,エラー修正の提案,デザイン時,デザイナー,入力エラーが発生した際、どのように修正すれば良いか具体的な提案が表示される,目視確認,入力エラー時に具体的な修正方法が提案される,,,
3.3.3,AA,理解可能,エラー修正の提案,QAテスト時,QA,入力エラー時に修正方法の提案が提示される,手動入力テスト,入力エラー時に具体的な修正方法が提案される,フォームでわざとエラーを発生させ、何が間違っていてどう直せばよいかを伝えているか確認する,,
3.3.4,AA,理解可能,エラー回避（法的、金融及びデータ）,デザイン時,デザイナー,重要な操作がある場合、【取消】【誤入力の検出と修正】【送信前の確認】のいずれかができるようにする,目視確認,重要な操作は取消・修正・送信前確認のいずれかができる,,,
3.3.4,AA,理解可能,エラー回避（法的、金融及びデータ）,QAテスト時,QA,法的・金融・データに関わる重要な操作で取消・修正・確認のいずれかが可能,手動操作テスト,重要な操作は取消・修正・送信前確認のいずれかができる,重要な操作（契約・購入・個人情報削除等）で確認画面・修正機能・取り消し手段のいずれかが提供されているか確認する,,
3.3.7,A,理解可能,冗長な入力項目,デザイン時,デザイナー,一つのプロセスの中で以前入力した情報を再度入力する場合、省略できるようにする（セキュリティ上必要な場合は除く）,目視確認,同一プロセスで以前入力した情報は自動入力または選択で省略できる,,,
3.3.7,A,理解可能,冗長な入力項目,開発時,エンジニア,一つのプロセスで以前入力した情報の再入力を省略できるよう実装,,同一プロセスで以前入力した情報は自動入力または選択で省略できる,,,
3.3.7,A,理解可能,冗長な入力項目,デザイン・PdMレビュー / QAテスト時,デザイナー・PdM / QA,一つのプロセスで以前入力した情報の再入力を省略できる / 同一プロセス内で同じ情報を繰り返し入力させていない,目視確認 / 手動操作テスト,同一プロセスで以前入力した情報は自動入力または選択で省略できる,入力フォームで同じ情報を何度も入力させていないか確認する（前ステップの内容が引き継がれるか等）,,
3.3.8,AA,理解可能,アクセシブル認証（最低限）（WCAG2.2）,デザイン・PdMレビュー / QAテスト時,デザイナー・PdM / QA,認証がある場合、パスワードマネージャーやコピー&ペーストが利用できる / 認証でパスワードマネージャー・コピー&ペーストが使える,必要有無確認・手動確認 / 手動操作テスト,認証が必要な時パスワードマネージャーやコピー&ペーストが利用できる,ログイン等の認証画面でパスワードマネージャー・コピー&ペーストが利用できるか確認する,,
4.1.1,A,堅牢性,構文解析,開発時,エンジニア,HTMLの構文が仕様に準拠（開始/終了タグの対応・要素の入れ子・重複属性なし・id一意）,,マークアップが仕様に準拠しており機械が正しく解釈できる,,,
4.1.1,A,堅牢性,構文解析,QAテスト時,QA,HTMLの構文エラーがない,HTML Validator（validator.w3.org）/ axe DevTools,マークアップが仕様に準拠しており機械が正しく解釈できる,"1. HTML Validatorでページの構文をチェックする
2. 開始/終了タグの不一致・重複属性・不正な入れ子がないか確認する
3. axe DevToolsでARIA関連の構文エラーも確認する",,
4.1.2,A,堅牢性,名前（name）、役割（role）及び値（value）,開発時,エンジニア,標準的なUI（ボタン・リンク・チェックボックス等）はHTMLネイティブを使用。カルーセル等は適切にname/role/valueを付与,,UIコンポーネントにname・role・valueが正しく設定されスクリーンリーダーで適切に読み上げられる,,,
4.1.2,A,堅牢性,名前（name）、役割（role）及び値（value）,デザイン・PdMレビュー / QAテスト時,デザイナー・PdM / QA,スクリーンリーダーでUIコンポーネントのname・role・valueが適切に読み上げられる / UIコンポーネントにname・role・valueが正しく設定されている,スクリーンリーダーで一通り確認 / axe DevTools / VoiceOver,UIコンポーネントにname・role・valueが正しく設定されスクリーンリーダーで適切に読み上げられる,"1. ページのUIコンポーネントを順に操作する
2. VoiceOverでname・role・valueが正しく読み上げられるか確認する
3. 状態が変わるUI（チェックボックス等）で読み上げ内容が正しく変わるか確認する",,
4.1.3,AA,堅牢性,ステータスメッセージ,開発時,エンジニア,「保存しました」等のフィードバックメッセージがフォーカスを移動しなくてもスクリーンリーダーで自動読み上げされるよう実装（role=status等）,,ステータスメッセージがフォーカスなしにスクリーンリーダーで自動読み上げされる,,,
4.1.3,AA,堅牢性,ステータスメッセージ,デザイン・PdMレビュー / QAテスト時,デザイナー・PdM / QA,ステータスメッセージがある場合、フォーカスを移動しなくてもスクリーンリーダーで自動読み上げされる / エラー・完了等のメッセージがフォーカスなしに支援技術で読み上げられる,スクリーンリーダーで一通り確認 / VoiceOver,ステータスメッセージがフォーカスなしにスクリーンリーダーで自動読み上げされる,"1. フォーム送信・検索等でメッセージが表示される操作を行う
2. フォーカスを移動しなくてもスクリーンリーダーが自動で読み上げるか確認する
3. role=statusやaria-liveが設定されているか開発者ツールで確認する",,
